Workbook

Sheet Scenarios
A1: AdSense estimate: what traffic is worth (all numbers are assumptions you can change, yellow cells)
A3: Pages viewed per visit | B3: 1.4
A4: RPM low factor (x mid) | B4: 0.5
A5: RPM high factor (x mid) | B5: 1.6
A7: RPM = what AdSense pays per 1,000 page views (mid estimate, USD)
A8: Arabic, Saudi audience | B8: 2.5
A9: French, France | B9: 1.5
A10: Spanish, Spain | B10: 1.5
A11: Spanish, Mexico / Chile / LatAm | B11: 0.8
A12: English, mixed | B12: 2
A15: Monthly revenue by traffic (blended RPM = average of the rows above)
A16: Visits per month | B16: Page views | C16: Revenue low (USD) | D16: Revenue mid (USD) | E16: Revenue high (USD)
A17: 3000 | B17: =A17*$B$3 | C17: =D17*$B$4 | D17: =B17/1000*AVERAGE($B$8:$B$12) | E17: =D17*$B$5
A18: 10000 | B18: =A18*$B$3 | C18: =D18*$B$4 | D18: =B18/1000*AVERAGE($B$8:$B$12) | E18: =D18*$B$5
A19: 30000 | B19: =A19*$B$3 | C19: =D19*$B$4 | D19: =B19/1000*AVERAGE($B$8:$B$12) | E19: =D19*$B$5
A20: 100000 | B20: =A20*$B$3 | C20: =D20*$B$4 | D20: =B20/1000*AVERAGE($B$8:$B$12) | E20: =D20*$B$5
A21: 300000 | B21: =A21*$B$3 | C21: =D21*$B$4 | D21: =B21/1000*AVERAGE($B$8:$B$12) | E21: =D21*$B$5
A23: Today: about 100 clicks a day from Bing, so roughly 3,000 visits a month (first row).
A24: Semrush CPC for our keywords is $0.00 to $0.38, so RPM stays low: volume, not CPC, is what moves the income.

Sheet Groups
A1: Potential per keyword group (Semrush volumes, search position changes the click share)
A3: Click share by Google position (typical ranges, assumption)
A4: Position 10 | B4: 0.015
A5: Position 5 | B5: 0.06
A6: Position 3 | B6: 0.11
A8: Group / page | B8: Monthly searches (Semrush) | C8: KD | D8: Weighted Google CPC (USD) | E8: RPM mid (USD) | F8: Visits/mo at pos 10 | G8: Visits/mo at pos 5 | H8: Visits/mo at pos 3 | I8: Revenue/mo at pos 10 | J8: Revenue/mo at pos 5 | K8: Revenue/mo at pos 3 | L8: Note
A9: Arabic: Hijri to Gregorian converter and dates | B9: 800000 | C9: 12-25 | D9: 0.38 | E9: 2.5 | F9: =B9*$B$4 | G9: =B9*$B$5 | H9: =B9*$B$6 | I9: =F9*Scenarios!$B$3/1000*E9 | J9: =G9*Scenarios!$B$3/1000*E9 | K9: =H9*Scenarios!$B$3/1000*E9 | L9: Biggest group, our AR pages are new
A10: Arabic: age in Hijri | B10: 143000 | C10: 10-12 | D10: 0.38 | E10: 2.5 | F10: =B10*$B$4 | G10: =B10*$B$5 | H10: =B10*$B$6 | I10: =F10*Scenarios!$B$3/1000*E10 | J10: =G10*Scenarios!$B$3/1000*E10 | K10: =H10*Scenarios!$B$3/1000*E10 | L10: Easy KD, tool exists
A11: Arabic: weighted percentage (nisba) | B11: 160000 | C11: 17-18 | D11: 0.15 | E11: 2.5 | F11: =B11*$B$4 | G11: =B11*$B$5 | H11: =B11*$B$6 | I11: =F11*Scenarios!$B$3/1000*E11 | J11: =G11*Scenarios!$B$3/1000*E11 | K11: =H11*Scenarios!$B$3/1000*E11 | L11: Seasonal around university admission
A12: Arabic: GPA calculator | B12: 60000 | C12: 8-18 | D12: 0.15 | E12: 2.5 | F12: =B12*$B$4 | G12: =B12*$B$5 | H12: =B12*$B$6 | I12: =F12*Scenarios!$B$3/1000*E12 | J12: =G12*Scenarios!$B$3/1000*E12 | K12: =H12*Scenarios!$B$3/1000*E12 | L12: Tool exists
A13: Spanish Chile: escala de notas / generador | B13: 250000 | C13: 14-31 | D13: 0.06 | E13: 0.8 | F13: =B13*$B$4 | G13: =B13*$B$5 | H13: =B13*$B$6 | I13: =F13*Scenarios!$B$3/1000*E13 | J13: =G13*Scenarios!$B$3/1000*E13 | K13: =H13*Scenarios!$B$3/1000*E13 | L13: Low CPC, huge volume
A14: Spanish Mexico: aguinaldo | B14: 200000 | C14: 20-44 | D14: 0.03 | E14: 0.8 | F14: =B14*$B$4 | G14: =B14*$B$5 | H14: =B14*$B$6 | I14: =F14*Scenarios!$B$3/1000*E14 | J14: =G14*Scenarios!$B$3/1000*E14 | K14: =H14*Scenarios!$B$3/1000*E14 | L14: Peak Nov to Dec, near zero the rest of the year
A15: Spanish: foto tamano infantil | B15: 40000 | C15: 25-36 | D15: 0.14 | E15: 0.8 | F15: =B15*$B$4 | G15: =B15*$B$5 | H15: =B15*$B$6 | I15: =F15*Scenarios!$B$3/1000*E15 | J15: =G15*Scenarios!$B$3/1000*E15 | K15: =H15*Scenarios!$B$3/1000*E15 | L15: Highest CPC in Spanish
A16: Spanish Spain: calcular letra DNI | B16: 12100 | C16: 1 | D16: 0 | E16: 1.5 | F16: =B16*$B$4 | G16: =B16*$B$5 | H16: =B16*$B$6 | I16: =F16*Scenarios!$B$3/1000*E16 | J16: =G16*Scenarios!$B$3/1000*E16 | K16: =H16*Scenarios!$B$3/1000*E16 | L16: New page, KD 1
A17: French: chiffre en lettre | B17: 50000 | C17: 17-31 | D17: 0.03 | E17: 1.5 | F17: =B17*$B$4 | G17: =B17*$B$5 | H17: =B17*$B$6 | I17: =F17*Scenarios!$B$3/1000*E17 | J17: =G17*Scenarios!$B$3/1000*E17 | K17: =H17*Scenarios!$B$3/1000*E17 | L17: Position 7-8 on Bing already
A18: Spanish: cantidad con letra / cheque | B18: 9000 | C18: 13-31 | D18: 0 | E18: 0.8 | F18: =B18*$B$4 | G18: =B18*$B$5 | H18: =B18*$B$6 | I18: =F18*Scenarios!$B$3/1000*E18 | J18: =G18*Scenarios!$B$3/1000*E18 | K18: =H18*Scenarios!$B$3/1000*E18 | L18: Bing 6.9, Copilot cites it
A19: Total | B19: =SUM(B9:B18) | F19: =SUM(F9:F18) | G19: =SUM(G9:G18) | H19: =SUM(H9:H18) | I19: =SUM(I9:I18) | J19: =SUM(J9:J18) | K19: =SUM(K9:K18)
A21: How to read it: if every group ranked at position 5 on Google, the total of the "pos 5" column is the monthly AdSense income in this model.
A22: These are upper bounds (search volume is split among many sites, seasons change it, and the model counts Google only). Treat them as a ceiling, not a forecast.

Sheet Notes
A1: What is solid: Semrush volumes and CPCs (docs/research/semrush), Bing numbers from Webmaster Tools, our current traffic.
A2: What is assumed: RPM per market, pages per visit, click share by position. Replace them with real AdSense numbers after approval.
A3: AdSense does not care where visits come from, but the site must pass its content review. Plan: apply in December 2026.
A4: Bing today: about 100 clicks a day and 4.6K Copilot citations (1-14 Oct 2026). Google today: about 26 clicks in 28 days.
A5: Seasonal: aguinaldo (Nov to Dec), Ramadan pages (before 8 Feb 2027), nisba (admission season).
A6: Arabic Saudi RPM is usually the best of the markets we serve. That is why the Arabic groups matter most.
